Date,SMB,HML,Mom,bond_index,equity_index,commodity_index,spx
1984-01-31,-0.7,0.18,0.11,0.02036518723353531,-0.00026720193634865996,-0.026514398269836703,-0.014462641611174498
1984-02-29,0.18,0.03,-0.02,-0.005385615985026293,-0.019170772405559755,-0.013489435499221436,-0.035232574773570335
1984-03-30,0.29,-0.01,0.27,-0.01149904043475547,0.03826729707370902,0.041356139968937056,0.007487446322179014
1984-04-30,-0.03,0.03,0.0,-0.0022363817734216695,-0.011584128790732895,-0.035087505947758224,-6.1387147967773e-05
1984-05-31,0.15,-0.79,-0.4,-0.03145072567259122,-0.08181843174243242,0.011676717699055539,-0.06516345368779053
1984-06-29,0.14,0.21,0.08,0.012524994693059899,8.221011047915283e-06,-0.036016155563357355,0.011488080591279815
1984-07-31,-0.06,-1.0,-0.34,0.04469832033719712,-0.04439498133264197,-0.08754469197972181,-0.02240311445272669
1984-08-31,0.14,0.04,-0.01,0.01653716735203581,0.09004854470845847,0.03317254819128257,0.09880130659660158
1984-09-28,0.44,0.33,0.22,0.023459893095260087,-0.009969982893620832,-0.002994874669865033,-0.009060269497575879
1984-10-31,0.17,0.15,0.37,0.042171443906076744,0.005432295330437542,-0.005073940420042389,-0.0027597767608316115
1984-11-30,-0.12,0.35,0.07,0.017649375160946112,-0.015201772321571272,-0.0019289811580450733,-0.028812232663878556
1984-12-31,0.18,-0.03,-0.28,0.014384372041488458,0.013646474390924146,-0.029715126342559572,0.017727235194063384
1985-01-31,0.11,0.48,-0.23,0.02253482106487925,0.026241322216128182,-0.007291280823481072,0.04320815687508883
1985-02-28,-0.1,-0.3,-0.02,0.0,0.0012703625019487852,-0.01502932004985047,0.005548244114014889
1985-03-29,-0.15,0.2,-0.34,0.020155550939108702,0.024586341662797606,0.036364908161824694,-0.004650755420646968
1985-04-30,0.01,0.42,-0.09,0.020461477612147227,-0.00990456336284018,-0.05771779741348282,-0.009287678293106172
1985-05-31,-0.55,0.01,-0.08,0.05205709175831874,0.04311028295990149,-0.0035718773763175893,0.04917791451476283
1985-06-28,0.22,0.02,0.16,0.01037960417947148,0.010975661923839475,-0.046043197642127276,0.01088120857178354
1985-07-31,-0.23,-0.44,0.1,-0.0036920459209318635,0.011105920632431321,-0.04017609436730918,-0.009219709547040877
1985-08-30,0.39,0.32,0.01,0.018596528983273686,0.0013857018703022916,0.012382448402526114,-0.01637001861998999
1985-09-30,-0.33,0.15,0.43,0.005831249810296146,0.0064497568777874825,0.06395980083593633,-0.03858556241475741
1985-10-31,0.19,0.13,0.34,0.020757438415983875,0.03856598105864406,0.058434119666582074,0.026249689503560658
1985-11-29,0.38,-0.06,-0.11,0.02382778016143483,0.04147789506249677,-0.005470292567704593,0.04180116304786008
1985-12-31,0.15,0.29,-0.11,0.03036808655270562,0.04017194077255981,-0.03147629119812789,0.040681584972636076
1986-01-31,-0.46,0.01,0.34,0.005366935818175378,0.016987899024394792,-0.11369078485562945,0.0025038374134582764
1986-02-28,0.36,-0.01,0.49,0.039227417871462,0.07875315742564637,-0.06690354478552896,0.06745891167055773
1986-03-31,0.21,-0.14,0.76,0.030877763406964354,0.09164154084100806,-0.021297611536535088,0.04892712953729217
1986-04-30,0.65,0.53,-0.36,0.005127929212425997,0.021682735268409692,0.017800002185477393,-0.017840561976046554
1986-05-30,0.41,0.16,-0.29,-0.019290689679719364,-0.008843374305002816,-0.06092529669089819,0.04642389696921545
1986-06-30,0.11,0.03,0.34,0.026008500096415643,0.03437532552450895,-0.01432901336577197,0.010401407156730436
1986-07-31,0.06,-0.17,-0.02,0.008690330730483753,0.003845022567916745,-0.017322129696721422,-0.06207545433591055
1986-08-29,0.18,-0.1,-0.03,0.024705608391403233,0.08572525075195281,0.083608001858956,0.06594027870063579
1986-09-30,0.03,-0.14,-0.05,-0.010014684558164122,-0.051391572226499704,-0.03772810915175828,-0.08825197239201865
1986-10-31,0.27,0.32,-0.63,0.014310004829491518,-0.017364894088485072,0.005967556275005892,0.04945119902535344
1986-11-28,0.28,0.23,-0.2,0.013838311696982242,0.028494263854112134,0.006382390313456776,0.014804558613704666
1986-12-31,1.03,-0.17,-0.33,0.00359487465535846,0.016041342912608725,-0.012709802381742685,-0.03160634124535333
1987-01-30,0.19,0.3,-0.07,0.013939046392484,0.09377356525934344,0.04720365821564654,0.11552440378172268
1987-02-27,0.1,-0.12,-0.16,0.006781553072746416,0.027537202809690742,-0.07025846759265975,0.033842616193926034
1987-03-31,0.01,-0.21,0.53,-0.004670021663947255,0.05665196600705613,0.06272314718050964,0.022849789535857923
1987-04-30,-0.44,0.08,0.44,-0.027572439175471697,0.05360320847414224,0.03028569453629948,-0.014734474717168267
1987-05-29,0.57,0.35,-0.2,-0.004071720220903741,-0.00992240374827047,0.009716220184588398,0.0028433571943125013
1987-06-30,1.01,0.51,0.05,0.013601864529049656,-0.005537023387003126,0.016099190042151656,0.04425331491449991
1987-07-31,0.11,0.15,0.23,-0.000939127554457686,0.018998384039877525,0.008063113765431229,0.04455849818384339
1987-08-31,-0.16,0.12,0.21,-0.00552623309794098,0.05388095725455755,-0.025981941249649476,0.031277426337769754
1987-09-30,0.66,-0.06,-0.05,-0.021480334869525275,-0.01265198291464964,-0.004944268729624168,-0.02787636105425839
1987-10-30,3.16,-0.93,1.93,0.035467591331716175,-0.17190968551330899,-0.0014609521425591465,-0.21626732095748824
1987-11-30,0.68,0.85,0.14,0.007860292586925777,-0.02437957032171645,-0.016259691879236704,-0.09908303527364781
1987-12-31,1.01,-0.04,0.12,0.013461497764696517,0.03771939731146934,-0.046012629123852844,0.06904546925818544
1988-01-29,-0.67,-0.04,-0.53,0.034993214349939405,0.008758253414958839,-0.002866406905950969,0.037905824191047266
1988-02-29,-0.52,-0.41,-0.62,0.011712471911962563,0.04328046456178303,-0.02017611944430675,0.038506929862616834
1988-03-31,0.66,0.09,-0.5,-0.00954531421413407,0.0246966054351363,0.04139993145491783,-0.036907777472504955
1988-04-29,0.91,-0.13,0.12,-0.005565451184127657,0.007527101091616251,0.01886839442733579,0.006079053817577451
1988-05-31,-2.07,-0.19,-0.54,-0.006902559300513089,-0.018542469597885525,0.013274051393127984,-0.000528899557571183
1988-06-30,0.28,-0.54,-0.48,0.02394087816899315,-0.0190917365661869,-0.043095061526825296,0.02163240615966
1988-07-29,-1.29,-0.25,-0.37,-0.005440225727218473,0.021769289646389023,-0.014375234461006081,-0.009178327020269439
1988-08-31,0.62,0.33,0.02,0.0024158265003406676,-0.0609426371265821,-0.01568162940232698,-0.04300738696442685
1988-09-30,0.62,0.21,0.24,0.0,0.023324664146353147,-0.027743554446913232,0.03808243829868396
1988-10-31,-0.07,-0.02,-0.06,0.01861861996449976,0.054262653502039404,0.012268559324664086,0.021092782628349127
1988-11-30,-0.03,-0.31,0.35,-0.012368676393886724,0.020272465445145826,0.043314616656128235,-0.0021528056712868393
1988-12-30,1.39,-0.29,-0.22,0.0008968147493777501,-0.0040221548840483345,0.05471275405188303,0.009838826796772837
1989-01-31,-0.24,-0.18,0.13,0.009658767012916902,0.03573432801320564,-0.019937408191212924,0.06512101741555587
1989-02-28,-0.02,0.12,0.19,-0.011797510454288784,-0.011148232851786677,0.021456570149751775,-0.03339908752615095
1989-03-31,-0.19,0.11,-0.15,-0.0011879738817531793,-0.009892231771583826,0.05444572347875365,0.015207757549685397
1989-04-28,0.2,-0.03,0.29,0.01593580420313101,0.016421450645970337,-0.004943640978263497,0.04496413465739901
1989-05-31,0.12,0.04,-0.01,0.020899074723636613,-0.03146823222800876,-0.05091531013058659,0.029714562577957793
1989-06-30,0.1,0.38,-0.5,0.025239412416996343,-0.017919793379129967,-0.001208864377060248,-0.01294800561739462
1989-07-31,-0.82,0.08,-0.09,0.016716697111775147,0.10181393483452772,-0.05558835524529171,0.08354690164497258
1989-08-31,0.12,0.2,-0.31,-0.019873724963250017,-0.03071037258731979,0.019254808735360784,0.010309782531000344
1989-09-29,0.12,0.03,0.3,0.0007266451823924047,0.021920821866238116,0.04581525795207053,-0.010887105453935342
1989-10-31,-0.75,-0.19,0.35,0.02000390419736986,-0.0394965735917141,-0.022295379717428676,-0.02978810076989047
1989-11-30,-0.52,-0.21,0.15,0.0049350776948933195,0.03334369914023605,0.007195365868782,0.011914686624288073
1989-12-29,0.33,-0.28,0.22,-0.001637655256872761,0.026106919602282064,0.07452049106375624,0.01702660696414382
1990-01-31,-1.22,-0.16,0.19,-0.016567241008304978,-0.052814646459557135,-0.04518137019064705,-0.07324339556715087
1990-02-28,0.15,-0.12,-0.39,-0.0009270701825462302,-0.04872368936917937,-0.018628127601865274,0.004355154519470439
1990-03-30,0.37,0.02,0.39,-0.004171857978215843,-0.06677807952618353,0.008657709677319492,0.019236428356498525
1990-04-30,-0.31,-0.65,0.36,-0.01351062211754872,-0.020862147333401193,-0.027802816802689367,-0.031162289455602066
1990-05-31,0.05,-0.19,0.0,0.02466617458203646,0.09781644023200964,-0.026004006885405495,0.08676137445206367
1990-06-29,0.26,-0.01,-0.16,0.011395289112558382,-0.01347259179861171,-0.03390220958111734,-0.01342753227892024
1990-07-31,-0.38,0.23,0.52,0.009252879804876324,0.0024739071415840197,0.06370458921331457,-0.009721302827926048
1990-08-31,-0.78,-0.2,-0.18,-0.01812331658522981,-0.09987124515673895,0.14007550443845518,-0.09870845135569517
1990-09-28,-1.0,-1.15,-0.49,0.004298433511903621,-0.11127034643721334,0.1937654770473929,-0.0549365982858675
1990-10-31,-0.09,0.4,0.2,0.00819385605336942,0.08593591805781342,-0.08136202399533976,-0.011315244033058836
1990-11-30,-0.67,-0.45,0.08,0.0174612047077225,-0.02291095076451699,-0.09109550826764701,0.05551249663080071
1990-12-31,0.8,-0.56,-0.08,0.01173453804323299,0.014672629035401119,-0.03723736876447603,0.02094761652214583
1991-01-31,0.68,-0.42,-0.72,0.002582072041779293,0.030599781359738287,-0.0830472535128618,0.0496923584271558
1991-02-28,0.79,0.88,-1.02,0.005331940200027141,0.08681897637565061,-0.01965301808999176,0.06390020553473019
1991-03-29,0.72,-0.01,0.26,0.00353155905340663,-0.03471864102668354,0.011741988551277727,0.018802840873393345
1991-04-30,-1.12,0.43,-0.43,0.00729877332237705,0.0023912964416430427,0.006112996345654986,-0.0031533783596148224
1991-05-31,0.03,0.2,-1.06,0.002759294228483533,0.017139331016120085,-0.019184568938144464,0.03507454836069068
1991-06-28,0.83,-0.02,-0.15,-0.0036479588629831916,-0.06651335463918528,-0.04161101511743981,-0.05089066809377385
1991-07-31,0.36,-0.43,0.18,0.010367977115167681,0.041464305423786874,0.03116028970624196,0.041257821237941084
1991-08-30,0.45,-0.16,-0.29,0.018267092189744538,-0.008379738060445674,0.0006146246593015103,0.016282077794304683
1991-09-30,0.11,-0.04,0.04,0.017272395094380055,0.021100542661583788,0.003719711357858202,-0.022025039516478828
1991-10-31,0.75,-0.43,0.34,0.007857704649822717,0.014286053958840528,0.03272871897984131,0.008450269758709661
1991-11-29,0.66,-0.37,0.16,0.006847238754788432,-0.04806373336530012,-0.045001708025460996,-0.04638572704304267
1991-12-31,0.55,0.12,-0.69,0.027229606727089628,0.0680642880650697,-0.07160780524105581,0.10893188855226787
1992-01-31,0.84,-0.11,0.51,-0.015815847971290542,-0.02267971713084216,0.0283058082317722,-0.02220172168074863
1992-02-28,0.17,0.28,0.13,0.004439277132672448,-0.02128003738483708,-0.005197515070593961,0.007495929308336313
1992-03-31,0.29,0.1,0.03,-0.008109321046549267,-0.05139667319250185,0.01375438405510776,-0.024265131565289977
1992-04-30,0.64,-0.72,-0.17,0.005005736956981366,0.009546189093867952,0.026878238045072056,0.025631625426363103
1992-05-29,0.63,0.05,0.49,0.016402507417381473,0.026961394512805548,0.016763687274688133,-0.0013528678806323802
1992-06-30,0.83,0.06,0.47,0.011484456148391997,-0.037700835752889295,-0.013270234281263837,-0.01957010624747202
1992-07-31,0.41,-0.18,0.09,0.018403292696330453,-0.0016082656051041866,-0.023899102837935948,0.03733931777748878
1992-08-31,0.05,0.21,-0.16,0.008278987274874083,0.020321195839285267,-0.0033949234403682915,-0.025789149526975752
1992-09-30,0.48,0.1,0.32,0.010129323322096484,-0.011130376645109075,0.0017592404853101762,0.007385699188469319
1992-10-30,0.78,-0.06,-0.68,-0.014914587473080498,-0.0307924730819088,-0.026512756272901394,0.0003462532053564171
1992-11-30,0.19,0.51,0.04,-0.0014333429674321385,0.014030582963038496,-0.01440056936753964,0.028467203186312462
1992-12-31,1.47,0.0,-0.29,0.01389565194263187,0.004035691573002653,0.0030707320149419015,0.008112914152751838
1993-01-29,0.29,0.08,-0.02,0.017558131936745713,-0.0002656737255322117,0.011245534785926603,0.005363276445299103
1993-02-26,0.52,-0.4,0.1,0.01592653307793168,0.020106068804215393,0.015619613596890458,0.008915213952525702
1993-03-31,0.57,-0.3,-0.06,0.0022657286614573557,0.05409235375304844,0.017746701113047214,0.016769805539229354
1993-04-30,0.35,-0.06,0.15,0.005270061472550713,0.042689527033104246,-0.014831942285905897,-0.027058309293716443
1993-05-31,0.15,0.01,-0.27,-0.00038015983480699234,0.019524920790710887,-0.03596816950392945,0.021030263198446697
1993-06-30,0.36,0.24,0.32,0.016204558387941992,-0.011953767273525373,-0.030785330910673814,-0.0011320350827519476
1993-07-30,0.34,0.46,0.14,0.003865462175048906,0.01701811688692989,-0.012639255909526526,-0.007098842182240883
1993-08-31,0.22,0.01,-0.03,0.015641660715754124,0.04225202821281915,0.008386628229642534,0.03251589113523834
1993-09-30,0.91,0.09,-0.4,0.0010950214068503605,-0.021856864102747342,0.006875838964124359,-0.011700542025007588
1993-10-29,0.77,-0.21,-0.04,0.0020465502571600513,0.024737448128287154,-0.0405495684875381,0.016418998405200114
1993-11-30,0.41,-0.39,-0.15,-0.010225439249765267,-0.06306425560128748,-0.05236253407100022,-0.012321538316240943
1993-12-31,1.33,-0.25,0.21,0.0035340197030893084,0.04521308427717541,-0.011013051478809155,0.008197096454765518
1994-01-31,-0.07,0.55,0.28,0.011821819998147243,0.062496839686918104,0.08248427297142169,0.030706153704694872
1994-02-28,0.68,-0.19,0.33,-0.019072117024764745,-0.01626762466900955,-0.03618067107669154,-0.031723137268562684
1994-03-31,-0.69,-0.35,0.27,-0.026848391483950795,-0.046831535744357056,-0.00717780020096026,-0.047895176122082495
1994-04-29,-0.11,0.24,0.42,-0.009922235122312828,0.027058239924410588,0.022367805697078413,0.009557396789023898
1994-05-31,0.08,-0.07,0.24,-0.002574063257848702,-0.001564577638325959,0.010161742908058269,0.00993427994636753
1994-06-30,0.86,0.26,-0.41,-0.004746607315085916,-0.006933283552133518,0.01621342377407431,-0.029267821686026818
1994-07-29,0.01,-0.45,-0.04,0.017396794181500752,0.014813097016907584,0.011082536953409328,0.028996705196885353
1994-08-31,0.62,0.04,0.02,-0.0016418173592587237,0.02556146211267274,-0.06985315597128305,0.03461589156808387
1994-09-30,0.63,-0.24,-0.03,-0.017396624360122348,-0.03062065913932399,0.004037831797515823,-0.029566391455520535
1994-10-31,0.31,0.05,0.03,-0.0036619054675574025,0.01921252370969051,0.04031113877984849,0.009310370204531626
1994-11-30,0.53,0.52,0.15,-0.005180870214479105,-0.0480807256946989,-0.024662450614453046,-0.04250019471709743
1994-12-30,1.59,0.38,-0.45,0.0035853973759445434,0.0045212713694153805,0.028521893977901724,0.008962300165392678
1995-01-31,-0.24,0.04,0.21,0.01669013858660162,-0.02015847006794702,-0.02957559636794571,0.020840072602857473
1995-02-28,0.09,-0.21,-0.29,0.02062893728419457,0.009563307659036457,0.003178967324427795,0.03289152239987603
1995-03-31,0.65,0.04,0.0,0.0024043247528175993,0.04254956943176169,0.007269876586607493,0.02352320850252765
1995-04-28,0.01,-0.22,-0.26,0.010904431919833923,0.029867604830932537,0.02245290012128942,0.024856164841551287
1995-05-31,-1.22,-0.29,0.02,0.03505799188571723,0.003198212854575999,-0.01885767646000769,0.032680392314146545
1995-06-30,0.88,-0.33,-0.18,0.003921145802919801,-0.005333781018019068,-0.038216446090952316,0.0178231331604064
1995-07-31,0.31,0.07,-0.13,-0.005278657251451047,0.04077234240344718,0.013224023470075341,0.02863224380909557
1995-08-31,0.36,-0.13,0.32,0.008537132903451816,-0.0272540956245636,0.01445775337371713,-0.0038104977041998334
1995-09-29,0.83,0.25,0.04,0.006729290067871929,0.024302848042020653,7.005967559003956e-05,0.03701264080028133
1995-10-31,0.41,-0.29,0.29,0.00984446908882508,-0.02055109443111769,0.007927142058576253,-0.008234633351305032
1995-11-30,0.7,-0.15,0.44,0.011771651240780834,0.029702489644274133,0.023027301868862926,0.03775713591877006
1995-12-29,0.29,-0.25,-0.04,0.011248317817565967,0.024557197258098684,0.079729987200309,0.014500891409627625
1996-01-31,-0.32,-0.18,-0.01,0.003809458252372444,0.013289670590590497,-0.035838579854959196,0.029426447127986144
1996-02-29,0.64,-0.02,0.07,-0.019916941877699657,0.0017083488671878477,0.0017551969636264708,0.004201841525465877
1996-03-29,1.16,-0.13,0.15,-0.009863303046144023,0.012122484730697769,0.042304496707885386,0.004962835136072652
1996-04-30,0.12,0.13,0.13,-0.00867200602865359,0.01887625799132775,0.009927938634494371,0.010470300628109275
1996-05-31,0.82,-0.38,0.04,-0.005129002037721264,-0.003873814805004261,-0.029092615610292416,0.0196812109021971
1996-06-28,1.14,-0.25,0.6,0.010530846811930727,0.0006786516403136655,0.010103057515371994,-0.0006112655533433431
1996-07-31,0.12,-0.41,0.19,-0.00045442103786741406,-0.04005770497110672,-0.060481788045626206,-0.048791635996772165
1996-08-30,0.62,0.21,0.03,-0.00478858232391266,0.006767044536342137,0.01666947138415753,0.015640334866176886
1996-09-30,0.0,0.21,0.02,0.014522572533737232,0.03449839418257894,0.030806010834954156,0.0511688178516001
1996-10-31,0.09,-0.43,0.36,0.01901002851677025,0.002239788102704754,-0.0046506723765786795,0.022833627406808388
1996-11-29,0.23,-0.11,0.0,0.014405079517921138,0.051421852435091564,0.06561128609495959,0.07035851709564267
1996-12-31,2.05,-0.24,-0.22,-0.01202427960079333,-0.020427832154237935,-0.01985521342296026,-0.02433532091313062
1997-01-31,0.01,-0.35,0.22,8.931804296752333e-05,0.007350106187639316,-0.05102801587977135,0.05803065229102344
1997-02-28,0.04,0.15,-0.63,-0.00018438846063684178,0.007251728525238477,-0.0809961531911082,0.0032468252695565525
1997-03-31,0.66,1.06,-0.76,-0.013935892043640985,-0.024177606407362995,0.016183691323701455,-0.04538205149776364
1997-04-30,-0.43,-0.44,-0.3,0.011747068198783905,0.0279600027350837,0.019302622615409604,0.05505146360513535
1997-05-30,-0.3,0.51,0.07,0.006464992240540202,0.05700708038299096,8.370885237329873e-05,0.05545022417912282
1997-06-30,1.61,-0.68,-0.24,0.008933472002055742,0.045510081047468454,-0.06454405867759005,0.04042939456963923
1997-07-31,0.08,0.26,0.36,0.023763315277355312,0.04138560907813971,0.03520505597285295,0.0747674732861412
1997-08-29,0.58,-0.17,0.15,-0.01153148399364734,-0.07093656307311358,0.015024992379688129,-0.06030653591787771
1997-09-30,0.88,0.32,-0.33,0.011794070996880013,0.04981872563442069,0.027472280009377625,0.05009295497855515
1997-10-31,0.12,-0.52,0.41,0.011400905224634883,-0.05692582321950368,0.028522246652322725,-0.03757587578637134
1997-11-28,-0.09,-0.07,-0.04,0.0020004213698674445,0.013452602384417922,-0.09600529524471957,0.04173296021683681
1997-12-31,0.86,-0.23,-0.22,0.006855202560119844,0.007526540462605258,-0.07221770784318737,0.012501137862146239
1998-01-30,0.3,0.16,-0.07,0.009981365433471279,0.02339795036354797,-0.01054227297043453,0.007300473205556157
1998-02-27,0.06,0.22,-0.13,-0.0034605965072189715,0.06333452928263728,-0.05516819397045314,0.06755932106695983
1998-03-31,0.07,-0.22,0.65,0.0003280686199653715,0.037793045081458754,0.006664389339601673,0.04669992614737639
1998-04-30,-0.26,-0.44,0.63,0.0022952173808550302,0.005527658019355508,-0.019770493151754387,0.006141289641831804
1998-05-29,0.64,0.47,0.46,0.00665970051264364,-0.01659694555994573,-0.03704351354613733,-0.021577000783112088
1998-06-30,0.87,-0.13,-0.07,0.005390126582289101,0.019424306775218447,-0.022405241440345947,0.036256892872023716
1998-07-31,-0.27,0.41,-0.22,-0.0009391084604390976,-0.0059528402279900305,-0.07756546922661156,-0.014641718288840089
1998-08-31,-0.19,2.43,-0.87,0.01334707143066649,-0.13703194490030512,-0.04901257136120141,-0.14827772497623892
1998-09-30,2.35,0.17,0.42,0.020650537959253423,0.013445456960485602,0.11968738439625093,0.05953003330224549
1998-10-30,-0.8,0.71,-0.85,-0.007586058928014672,0.08642472358047115,-0.03669031171952075,0.07767901183637571
1998-11-30,1.21,0.72,0.37,0.003304050408921677,0.05550322397601737,-0.10328414501851901,0.056515925236755304
1998-12-31,1.85,0.06,-1.97,0.00029595895436473896,0.0447196492882469,-0.006152352211893475,0.053527016100833436
1999-01-29,0.19,-0.6,0.42,0.004817674978585984,0.018177402596383896,0.014575318510636981,0.0386159406729647
1999-02-26,0.03,0.45,-0.32,-0.019780442951989774,-0.030116884357580864,-0.03524470323963358,-0.03457310143371084
1999-03-31,-0.01,0.22,0.25,0.0026667485002320745,0.03751737248255904,0.17343274968459,0.03582828926616388
1999-04-30,0.69,-0.4,-0.09,0.0006432523066115525,0.035597805917542136,0.04311757587482834,0.035335858410101784
1999-05-31,-0.07,-0.66,0.53,-0.011258718914815447,-0.040149896238977134,-0.05679189228762116,-0.027431526801600103
1999-06-30,1.01,-1.48,1.2,-0.00599435933172876,0.042606967248658645,0.07018504647700086,0.05147490594736559
1999-07-30,1.54,-0.19,0.5,-0.006928729562265645,-0.0068690162258382426,0.03279087318687335,-0.034646417872496005
1999-08-31,0.26,-0.12,0.85,-0.0034226724121773078,-0.005772311455217394,0.07048982071196197,-0.009152356113824367
1999-09-30,0.36,-0.86,0.33,0.008823610132144388,-0.013621380995494814,0.04907536698352133,-0.03123223121237506
1999-10-29,-1.0,-0.39,1.05,0.0009484728230511053,0.04789708244917201,-0.05335143546059873,0.05950642711049414
1999-11-30,-0.23,1.33,-0.43,-0.0029214228010514542,0.023903525396383074,0.04248241398023356,0.016015601849578287
1999-12-31,1.32,0.33,0.37,-0.008021001317595089,0.07634704048866547,0.02241059624530939,0.05445317233573976
2000-01-31,-2.86,-0.41,-0.32,-0.00625327836759515,-0.061122702459297185,0.05763886755163705,-0.05374740624530561
2000-02-29,1.97,-0.71,1.86,0.008934263543430854,-0.0015453321648947194,0.04347017145112608,-0.02317202474566038
2000-03-31,0.27,0.02,1.46,0.009440690092887394,0.06422279181572543,-0.04579274617522888,0.09269238993429019
2000-04-28,2.33,-0.08,1.2,-0.005882119288007859,-0.0462338529695403,-0.020730528260490155,-0.03373495922641001
2000-05-31,0.05,0.53,0.11,-0.0040392037009850945,-0.029899905443067865,0.09447714940942631,-0.025422233151480622
2000-06-30,1.84,-1.51,0.38,0.017220389122251323,0.029040857467101278,0.052347510067255465,0.02033832720266293
2000-07-31,0.77,-0.41,0.52,0.005697456963884573,-0.03193149410524376,-0.09802294862412075,-0.019640466081227825
2000-08-31,0.16,-0.66,1.2,0.010495435501057138,0.02750014957025182,0.14116274756216285,0.05652661010541005
2000-09-29,0.7,1.28,-0.87,0.0028915114477670034,-0.05744829081541536,-0.03158085095599095,-0.05668664981576099
2000-10-31,0.59,-1.66,0.83,0.0029847916733947155,-0.021414307728505944,-0.007009081146996832,-0.008712155465281923
2000-11-30,-0.67,1.5,1.36,0.012647321744834183,-0.0652797821014427,0.07916150531910127,-0.08343690709356721
2000-12-29,-0.21,1.45,-0.01,0.015246147216557704,0.011688292824532986,-0.04003304099776939,0.0007930063328438486
2001-01-31,0.41,0.28,0.55,0.01326740603564458,0.016675636726300347,-0.08359985093210998,0.03149724934728804
2001-02-28,0.44,0.81,1.09,0.0060862229667979495,-0.08798398003410357,-0.024521355109002663,-0.09466609553728422
2001-03-30,1.66,-0.6,0.12,0.002280081334237849,-0.069887743467268,-0.044280975661123656,-0.0667650078368599
2001-04-30,0.73,-0.51,-1.11,-0.006308273832842604,0.0699625632845482,0.05174403798133653,0.07448977625110254
2001-05-31,-0.29,-0.16,-0.55,0.00379470055495168,-0.017228073165728053,-0.03162652666471,0.0028549512691984358
2001-06-29,2.45,-0.89,-1.02,0.001727853939342383,-0.03435934912596639,-0.07064809573887842,-0.02699813538345952
2001-07-31,-0.51,0.12,0.14,0.020256509103594,-0.01606653978657624,-0.006707874855657936,-0.012808450053222176
2001-08-31,-0.39,0.29,-0.83,0.009263986867366514,-0.05155310761327425,0.00418237954658629,-0.06613929349718328
2001-09-28,0.4,0.51,-0.5,0.010455228593145183,-0.09061901408145301,-0.10599502485253764,-0.08274890413020497
2001-10-31,1.36,-0.22,-0.99,0.019576887154697742,0.017145983932468356,-0.03621260853811559,0.016693088697728786
2001-11-30,-0.2,0.29,0.22,-0.014814027033905997,0.05681945763586316,-0.03415863733083979,0.07400801480092412
2001-12-31,0.21,0.78,-0.24,-0.007286295574106094,0.004607646060019954,-0.003403482028808358,0.006625318376185296
2002-01-31,-0.59,0.23,0.34,0.00712381214153579,-0.03201463237591018,-0.0194589948089946,-0.016523140917234502
2002-02-28,-0.27,0.53,0.18,0.008773166350498851,-0.010912795255041297,0.06231172726397172,-0.021657869137457597
2002-03-29,-0.16,0.31,-0.42,-0.01766185997656422,0.04136743217703165,0.13877487990057902,0.03571018487607103
2002-04-30,0.54,0.12,0.06,0.018326268338433094,-0.036234393036528534,0.013871920427608986,-0.06240263811368052
2002-05-31,-0.16,0.22,0.6,0.007436548122789155,-0.0015117980140315623,-0.049697273423064625,-0.010124121070418934
2002-06-28,0.08,1.82,-0.18,0.007698488178613072,-0.06291940251610051,0.0427113141931148,-0.07334038564148893
2002-07-31,-2.54,0.03,0.49,0.01102925759863238,-0.08609076574551056,0.0020699886907120657,-0.0799432793419127
2002-08-30,-0.41,0.89,1.45,0.01588520586829545,-0.0009471769668119023,0.05710067219763815,0.0038934995812207607
2002-09-30,1.46,-0.42,0.17,0.01528046171231856,-0.11209382749402286,0.056176021540562004,-0.11083120455665096
2002-10-31,0.26,0.37,-0.89,-0.005512365222391069,0.07167206410402494,-0.0453644059903513,0.08536126045649417
2002-11-29,-0.66,0.52,-0.46,-0.0009133752400044548,0.05177087588786922,-0.0002879492665502914,0.056352113896086964
2002-12-31,0.03,0.61,-0.78,0.019954109737450487,-0.050190073210850006,0.0803847370551416,-0.06098117102730649
2003-01-31,-0.3,0.26,0.8,0.00017729374193131697,-0.03193478478957057,0.07708389441738728,-0.028072909258033074
2003-02-28,-0.69,0.21,-0.47,0.013218486403908658,-0.01967956171116425,0.09844681005841638,-0.017603850074434657
2003-03-31,0.75,0.44,0.82,-0.0014241362466194118,-0.006269187860703518,-0.16673062795494753,0.007698232545176653
2003-04-30,0.76,0.28,-0.35,0.007591830646422881,0.08564149877095195,-0.07225315469876858,0.08033899560867774
2003-05-30,0.24,0.07,-0.44,0.018016787469520068,0.05385096456658367,0.09024070994641198,0.05025154303305146
2003-06-30,-0.12,0.42,-0.03,-0.002513760647061325,0.0151097553452193,-0.009191839289176884,0.010786723447214097
2003-07-31,0.26,0.4,-0.29,-0.03414438511935969,0.018607038278273702,-0.0007418545833719481,0.01567273173315087
2003-08-29,-0.31,0.34,0.12,0.0060870152806566935,0.019198078043255906,0.039329320705580484,0.0173151066539583
2003-09-30,-0.05,0.15,-0.78,0.025914663523775694,0.004200325926639881,-0.04104210057457647,-0.01248045417827992
2003-10-31,-0.54,-0.09,-0.58,-0.009879779582930293,0.05772609246060134,0.02457140698368865,0.05434770958697355
2003-11-28,0.27,-0.15,0.59,0.0019320702960743397,0.013305527911037895,0.030164692637870694,0.006637309943965164
2003-12-31,-1.39,0.03,-0.16,0.009631997617552512,0.061184809604853285,0.05939748830357883,0.050200149010559025
2004-01-30,0.3,0.38,0.59,0.0075557071349710014,0.014892933982797674,-0.002233023392879896,0.016782562311469018
2004-02-27,0.19,0.36,0.31,0.010336621319910533,0.015032137489307429,0.07087452341548106,0.01172086938519179
2004-03-31,0.13,0.17,-0.07,0.006892497299747058,-0.009467599545778804,0.011842899132225027,-0.016941934879159848
2004-04-30,-0.83,-0.02,-0.57,-0.026548205192195917,-0.02274583868988367,0.02563375519841271,-0.017327260507562503
2004-05-31,-0.02,0.1,0.11,-0.004592363210899508,0.006137496045530044,0.04052330160245954,0.011517315322136845
2004-06-30,0.11,0.3,0.47,0.004924252236812032,0.01829478101514881,-0.05064497596055306,0.0172531983519697
2004-07-30,0.21,-0.32,0.54,0.009136091240375732,-0.03420850793171637,0.07293964789349427,-0.035034184526087864
2004-08-31,0.04,0.14,0.71,0.018165485573105045,0.001675028432285952,-0.039504743970445344,0.001391975406661139
2004-09-30,0.1,0.52,0.99,0.0017531176853951003,0.01668564835571873,0.1414633053579557,0.0083974045718056
2004-10-29,-0.53,0.25,0.24,0.007405626589175984,0.022664204175463887,0.0507957631921947,0.012982399818504131
2004-11-30,0.17,0.11,0.61,-0.009111535671267545,0.04961576331441542,-0.037042599841974666,0.03735029865465722
2004-12-31,-0.01,0.2,0.04,0.007855019136131958,0.03581211715241284,-0.09474594894608213,0.031082411043406255
2005-01-31,0.78,0.16,0.7,0.004982731223109216,-0.024405077703554934,0.06631792056636421,-0.026548480186018852
2005-02-28,0.27,0.04,0.19,-0.007232113047897393,0.028622167100828877,0.07208985089825792,0.017543064753695825
2005-03-31,-0.05,0.64,0.87,-0.006800845565073321,-0.023401842254625493,0.07623735998680914,-0.02076019044406363
2005-04-29,-0.4,-0.04,0.07,0.011892393752255037,-0.025506991874784557,-0.07953702748791414,-0.021698219133688523
2005-05-31,0.47,0.28,0.53,0.009149308435001391,0.013407048751161055,0.001742679742299913,0.028252425260605563
2005-06-30,0.2,0.27,0.28,0.003626120423007251,0.005297584968397384,0.06822302319468898,-0.0019598271989210714
2005-07-29,0.23,0.11,0.23,-0.010876133657804488,0.03231723702463851,0.05659535445087238,0.03411889907012888
2005-08-31,0.72,-0.06,0.92,0.010590883464115741,0.003383348383328544,0.15456242778263385,-0.013400131516612457
2005-09-30,0.32,-0.17,0.16,-0.012277537488119439,0.022550740828992,0.007463688334979457,0.004939755780027477
2005-10-31,0.8,0.04,0.32,-0.009957365505940619,-0.026960853043657695,-0.10137168813612707,-0.019861416700878043
2005-11-30,1.14,-0.15,0.23,0.0022488823728070706,0.02898331835369916,-0.01871454782037907,0.03283710056215017
2005-12-30,-0.22,0.26,-0.04,0.007209519436983447,0.01840145957241268,0.03565984244513998,-0.003227743249982762
2006-01-31,0.61,-0.03,0.23,-0.002307207420459867,0.04136751123242677,0.048935801073801244,0.023045912441164385
2006-02-28,-0.21,0.06,-0.37,0.0009562291457538841,-0.005336125851864604,-0.08600651897818479,-0.0019038287782007224
2006-03-31,0.69,-0.05,0.09,-0.012686530275930252,0.01661030889599746,0.06102004970468,0.008133033480324459
2006-04-28,0.14,0.52,-0.25,-0.004255384282187524,0.026050270032022427,0.07030163469655304,0.009711999264565563
2006-05-31,0.36,0.37,0.81,-0.003962264943001115,-0.040151615829292275,-0.0033853290770985422,-0.03372966105037012
2006-06-30,1.13,0.13,0.58,-0.0008326757927352713,-0.004696302661220675,0.018320089786795002,-0.0028602866517527525
2006-07-31,0.26,-0.1,0.68,0.010718881249165868,0.0026094015892328404,0.025161487702761054,0.002304835408238226
2006-08-31,0.0,0.23,0.13,0.01206701010446598,0.020571746616516284,-0.0679827782740553,0.0180147331694529
2006-09-29,-0.63,0.25,0.07,0.006069780696380533,0.007813309398955859,-0.0836543628094949,0.021811678288899072
2006-10-31,-0.34,-0.11,0.02,0.0037059020270486798,0.03295670961681041,-0.00029810367626648127,0.028391499299219802
2006-11-30,0.13,0.21,-0.3,0.008661271162511142,0.01954589202394641,0.07708722438250604,0.013513200732294894
2006-12-29,-0.27,-0.03,-0.1,-0.008502533198787354,0.016620443581039535,-0.0672695089803027,0.009869048515148249
2007-01-31,-0.42,0.02,-0.13,-0.003334537130043169,0.007987684991528576,-0.017709126876623738,0.01123406090070267
2007-02-28,-0.51,0.36,0.5,0.012705906337061146,-0.009324298103245088,0.046994410228842876,-0.024465843155633826
2007-03-30,0.27,-0.05,0.11,-0.0030126033946689112,0.012838779166228331,0.04058449886180182,0.006907817374554259
2007-04-30,-0.92,0.03,0.02,0.002654441275302011,0.03908005036702322,0.010803994827794483,0.040454901856219694
2007-05-31,0.35,-0.3,-0.22,-0.01046633305330602,0.02160977238002504,-0.010929029848089189,0.029549975979493714
2007-06-29,-0.35,0.11,0.41,-0.005663969782914502,-0.01166443258585137,0.0364995978798639,-0.02048378388089378
2007-07-31,0.32,-0.03,0.19,0.005482177700214974,-0.025717342483045136,0.05178183160284666,-0.034732264169752836
2007-08-31,0.05,-0.07,0.21,0.009520726311081695,-0.0053932462611488985,-0.042598138472985325,0.010125169864769301
2007-09-28,-0.54,0.03,-0.11,0.005503934658481313,0.0438250249482921,0.10035236070484932,0.033656284022035354
2007-10-31,0.04,-0.12,0.67,0.0065629497518711055,0.02727507380790195,0.09462940926594476,0.012278792527754323
2007-11-30,-0.62,0.86,-1.43,0.01612229854239078,-0.04436843736964169,-0.037432133146881985,-0.045881794783212304
2007-12-31,0.02,0.41,-0.79,0.001144256050521486,-0.01547078018551018,0.05393062208462851,-0.010274909147874767
2008-01-31,0.83,0.46,-1.69,0.01516891583166835,-0.07871382506329883,-0.004535019901973691,-0.06267525226745663
2008-02-29,0.12,-0.17,1.03,0.00020927392125069666,-0.008586427876767666,0.11605375791079564,-0.03589905616427391
2008-03-31,0.03,0.59,-0.88,0.002728706941277581,-0.013164494640105717,-0.016652610060328477,-0.006636896595821451
2008-04-30,-0.12,0.09,0.82,-0.002868540299052813,0.04898773672100121,0.07713027589229982,0.04673085849569758
2008-05-30,0.26,0.0,0.45,-0.008339749141909825,0.010017705274508293,0.08975808287113218,0.009649827161304803
2008-06-30,-1.22,0.31,1.91,-0.0018801225026795487,-0.08200026016196083,0.09559690303627844,-0.08694709493227204
2008-07-31,0.62,0.36,-0.94,-0.0017957096042378051,-0.02627492875527293,-0.11968256764441654,-0.010831157768665722
2008-08-29,0.23,0.64,-0.47,0.008485415888517922,-0.01696124973690394,-0.0693915148439721,0.011182610932438886
2008-09-30,-3.68,2.88,-2.67,-0.014040749304248923,-0.12135804490289348,-0.12187498646835859,-0.09135486475240462
2008-10-31,2.26,1.97,-0.41,-0.02397793740010057,-0.1907623412441568,-0.2779525856999405,-0.16974992851160464
2008-11-28,-0.66,1.91,-2.42,0.03246442466387478,-0.06728235863325227,-0.13093908322020165,-0.07493732355814098
2008-12-31,1.53,0.75,-1.84,0.03730259562816807,0.03056677354619297,-0.10651732394636726,0.007815176838003923
2009-01-30,0.22,-1.22,1.82,-0.008883989896108724,-0.08851672782697007,-0.0368269179725057,-0.08571354690443722
2009-02-27,1.8,-2.13,2.31,-0.00392161089052212,-0.10501239909436522,-4.122774980441779e-05,-0.1100635028978878
2009-03-31,-0.56,1.55,-1.6,0.013780470481569607,0.07226953106227008,0.06615083845543168,0.08527556117691959
2009-04-30,-0.43,-0.64,-2.58,0.004696890270289522,0.10894093336250554,0.020339561118837723,0.0938340134530975
2009-05-29,0.55,-0.2,-0.62,0.007162884376638923,0.08609941113854225,0.21092127793491766,0.052986917391275146
2009-06-30,0.25,-0.18,0.03,0.005589484644363152,-0.0062311579693683505,0.016069698308053493,9.809291475781912e-05
2009-07-31,-0.16,1.27,-1.23,0.016023864114014907,0.08359228893653059,0.015864950155145552,0.07403018534193428
2009-08-31,-0.47,-0.63,0.83,0.010261372247634792,0.03900471854000931,-0.008005792636286868,0.033465120428358475
2009-09-30,-0.55,-0.63,0.63,0.01044022674706313,0.03804747205355086,0.019683065648594233,0.03565743118412423
2009-10-30,-0.08,-1.87,-0.23,0.004901208033986748,-0.018502431538670927,0.07356173313389092,-0.019799089403964687
2009-11-30,-0.39,0.75,-0.18,0.012927847341773546,0.03870641308242373,0.03171393941142875,0.057342816667505625
2009-12-31,-0.2,0.32,0.05,-0.015654303786825863,0.01691159696347766,0.02347921375218265,0.017746944687286215
2010-01-29,-0.04,-0.44,-1.23,0.015249723159200812,-0.041902884715696254,-0.0733639955313905,-0.03699911383261678
2010-02-26,-0.55,0.39,0.41,0.0036849761128554537,0.01228325264495922,0.0644110992638336,0.028463188618462976
2010-03-31,-0.49,0.16,-0.14,-0.0013169140498342502,0.05918314693726967,0.02440437751555402,0.05870395610554047
2010-04-30,-0.96,-0.92,-1.11,0.010318108633453837,-0.0017314139608761714,0.03722512014915602,0.014671808367435757
2010-05-31,0.05,-0.64,-0.33,0.008328258588823356,-0.09916333481601847,-0.11235405721608838,-0.0820512647988858
2010-06-30,0.04,-0.36,-0.37,0.015614265802170513,-0.03570027066847248,0.014239031596541718,-0.05394525697312336
2010-07-30,0.04,-0.21,0.17,0.01058316147798366,0.08010024486410083,0.05974986940966942,0.0686874436474596
2010-08-31,-0.26,0.76,0.48,0.012780505367913086,-0.039315321101935585,-0.04895021118080434,-0.04753121296332108
2010-09-30,0.04,0.29,-0.54,0.000985174718336923,0.09104422245633037,0.0938744092381465,0.08746395031532628
2010-10-29,0.32,-0.1,0.14,0.003492060984385592,0.036425727640323924,0.03306489940616264,0.036782015107485355
2010-11-30,-0.21,-0.03,0.08,-0.0058170617102617506,-0.02353297713255398,0.02062469231361752,-0.00236359082097759
2010-12-31,-0.64,0.23,-0.15,-0.010859302435731188,0.07239511678861099,0.0971537561765401,0.06521893518486976
2011-01-31,0.0,-0.27,0.63,0.0010859074847284766,0.021798079439080187,0.03700795088556608,0.022566053531714925
2011-02-28,-0.44,0.27,-0.23,0.002437525815743191,0.033240030144987776,0.054233671415302886,0.031890857871325506
2011-03-31,0.58,-0.32,0.22,0.0004960994000482444,-0.012425758826972944,0.050280683179656505,-0.0011036078598094523
2011-04-29,0.21,-0.05,0.66,0.0126669485409181,0.040190204387140493,0.04568680870932784,0.02846797398910028
2011-05-31,0.42,-0.05,0.25,0.013033244670910937,-0.024509285022549787,-0.06793784892754517,-0.013517371489168428
2011-06-30,0.18,-0.24,0.4,-0.002943420724795698,-0.01731198672174461,-0.054324135528130535,-0.018272990606773454
2011-07-29,0.23,0.12,0.12,0.01585333846710779,-0.018892645469920977,0.025748930518612045,-0.021488660317208974
2011-08-31,-0.74,0.26,-0.34,0.014603620053074806,-0.07261411659464423,-0.016607098617368643,-0.056797069277979007
2011-09-30,-0.17,-0.08,0.69,0.007271098808921739,-0.08847636902743816,-0.12404341958491916,-0.07176527969734392
2011-10-31,0.05,-0.79,2.23,0.0010702609927590867,0.10256247912230188,0.09636796267916758,0.10771860249962995
2011-11-30,1.04,1.07,-1.88,-0.0008697810559992192,-0.026865313469996766,0.015536309098325374,-0.005060873726145831
2011-12-30,-0.07,-0.15,-0.66,0.010991254884934909,-0.0016962136376098558,-0.019921509399327686,0.008533176039751345
2012-01-31,-0.06,0.03,0.24,0.008766094602696395,0.049282520059684254,0.02442715730428424,0.043567907276555795
2012-02-29,-1.03,0.22,0.68,-0.0002753235001581311,0.04655374017739655,0.06476406250798483,0.04054199564305527
2012-03-30,-0.7,-0.06,-0.16,-0.005524268606091676,0.010187447595956911,-0.02106148424115717,0.031285760305964416
2012-04-30,-0.6,0.09,-0.24,0.011042253537947078,-0.01377780766567871,-0.0056078959266409045,-0.007538977515778478
2012-05-31,0.15,0.56,0.2,0.008998676454982313,-0.08996264570277579,-0.12951725497933553,-0.06269688971701981
2012-06-29,0.39,-0.71,-1.16,0.0003458651744869812,0.04927067840976029,0.0053863207245468114,0.03950705303889657
2012-07-31,0.0,0.27,-0.06,0.013742446153874655,0.011964439211787248,0.060635027459929214,0.012547013240213678
2012-08-31,-0.07,0.01,-0.44,0.0005956100915065488,0.022842598260898184,0.06160832548640327,0.01970457699728012
2012-09-28,-0.31,-0.23,-0.08,0.0013253049326145128,0.02518776779416032,-0.013837813871106719,0.024183756875392204
2012-10-31,0.52,0.33,-0.16,0.0019106103029002952,-0.007671019232617704,-0.04210336370732659,-0.019844090028968808
2012-11-30,-0.14,0.28,0.07,0.0015307967436444248,0.010680915599382779,0.019258043144861237,0.002796912252836403
2012-12-31,0.42,-0.06,0.24,-0.0014563638728127826,0.01745713168296903,-0.0053637981305902915,0.0070355923691085565
2013-01-31,0.68,0.21,-0.36,-0.007031575123226053,0.0499909704188668,0.04447357041883793,0.05038860993891903
2013-02-28,0.09,-0.16,0.31,0.004965001892291987,-0.00025606378686160447,-0.04025508054751337,0.011013004463472198
2013-03-29,-0.27,-0.28,0.5,0.0007544145984568207,0.0208257487518293,0.010502596663822805,0.035942128752490365
2013-04-30,0.38,-0.06,-0.78,0.01008529564546734,0.028986397387065432,-0.04676323724664089,0.01805214309981573
2013-05-31,0.51,-0.25,-0.26,-0.017862596489634397,-0.0028739178781020946,-0.014396723955871327,0.020741396980293203
2013-06-28,0.32,-0.11,-0.41,-0.015490996270913993,-0.026096823226373522,-0.006780211340004283,-0.015021779939688784
2013-07-31,0.17,0.1,0.62,0.0013523107784245703,0.05185447059804971,0.04470747387256435,0.04944656015653326
2013-08-30,-1.14,-0.21,-0.45,-0.005132787369388159,-0.02334446063020701,0.02880969498162611,-0.031318645458377814
2013-09-30,0.51,0.05,0.26,0.009461020565850298,0.0481552474726088,-0.037523707777798676,0.029743476701045157
2013-10-31,-0.09,-0.42,0.37,0.008063557429764945,0.03832008243905127,-0.0156383619593512,0.04457201855852433
2013-11-29,0.29,-0.16,-0.2,-0.003775192225649704,0.01591180571094375,-0.003899365837259472,0.028016087761357777
2013-12-31,-0.17,0.04,0.06,-0.0056847109830922005,0.02001388345715749,0.019589009840913718,0.023528332323302203
2014-01-31,-0.05,-0.41,0.11,0.014753694761850289,-0.0377157399559761,-0.015884161609928893,-0.03560356986276847
2014-02-28,-0.7,0.82,-0.29,0.005295024849309327,0.04811076053600605,0.043992310813233404,0.04309436880540929
2014-03-31,0.99,-0.15,0.68,-0.001727954637673501,-0.000937916100613001,-0.0012367414153234835,0.0069072734634070265
2014-04-30,0.22,-0.01,0.54,0.008425927526781285,0.00827303469891505,0.005619031411448594,0.006188231916497866
2014-05-30,-0.67,0.26,-0.02,0.01137169747243405,0.016243909020980718,-0.004425138564338571,0.021016547878096148
2014-06-30,0.26,0.19,0.12,0.0005027434812134857,0.016450499859840706,0.013747274068165227,0.019044033879092925
2014-07-31,-0.2,0.45,-0.68,-0.0025183774288853877,-0.01668451025387563,-0.05599414320281604,-0.015090129276378317
2014-08-29,0.28,0.1,0.05,0.01102691797291011,0.020018328216461656,-0.017360319741806296,0.037642526445575086
2014-09-30,-1.0,0.14,-0.16,-0.006796864158476801,-0.028760234466843504,-0.05995460124621532,-0.015520687957888968
2014-10-31,0.29,0.2,-0.04,0.009823689809735248,0.005693722431804105,-0.06043017157557318,0.023195633196861243
2014-11-28,-0.91,-1.02,1.23,0.00709105111455921,0.018383162758539795,-0.10652968729631418,0.024527893972962955
2014-12-31,0.49,-0.38,-0.48,0.0009266320937713068,-0.017157498819749373,-0.13273605338787653,-0.004197494799601076
2015-01-30,-0.77,0.04,-2.64,0.020958986827961823,-0.01880264265378573,-0.06802757590133068,-0.0310489312089951
2015-02-27,-0.21,0.21,-0.21,-0.00940680833970109,0.05681543831202562,0.08098330190400782,0.05488680244877786
2015-03-31,0.42,0.36,-0.23,0.004632440468079535,-0.01808754685661018,-0.0583904791108113,-0.017405471168836173
2015-04-30,-1.07,0.75,-1.15,-0.003595131718823419,0.021585611646131264,0.12336425297939879,0.00851335208126458
2015-05-29,0.03,0.07,0.12,-0.0024126305923590774,0.00050766902604793,-0.014571297626283175,0.010487651146592558
2015-06-30,0.32,-0.66,0.69,-0.010908016390689612,-0.024563081564604516,0.0036382850747604945,-0.021014781450558684
2015-07-31,0.82,-1.02,1.25,0.006939512961327443,0.017265769249875662,-0.14139865575520716,0.019728545610145476
2015-08-31,0.76,1.41,-1.8,-0.001469895550991085,-0.0680915636858036,0.006479001380027549,-0.06261066824114936
2015-09-30,-0.42,-0.49,0.36,0.006758103151403461,-0.03860409490792893,-0.05648765958124491,-0.02644850252207831
2015-10-30,0.22,-0.54,-1.05,0.00016650734272594114,0.07830568116342307,0.011426030036866264,0.08297884089137963
2015-11-30,0.14,0.68,-0.67,-0.002697888471338228,-0.006745355169194167,-0.07515335230433051,0.0004469812206215895
2015-12-31,-0.24,0.23,-0.97,-0.0033541760950465127,-0.018782825618189447,-0.07299142428743399,-0.017652254389327382
2016-01-29,0.46,0.39,-1.2,0.013628875363470128,-0.060636958074154035,-0.0353691052987678,-0.0508566758832969
2016-02-29,0.66,0.26,-0.8,0.0069291532734518935,-0.00977989016611791,0.009684074261663955,-0.0042931449779087805
2016-03-31,0.44,-0.48,-1.1,0.009000184020991675,0.06505895738087597,0.06499273526381888,0.06580996774760406
2016-04-29,-0.15,0.42,0.67,0.003713349081021722,0.013632109973184203,0.11422610931434951,0.002571693026575339
2016-05-31,0.51,-0.37,-0.63,0.000104860004503049,0.0021203616803535663,0.029085496340024886,0.015176128219566154
2016-06-30,0.35,0.45,0.7,0.017808935451742336,-0.01292138414430477,0.008163767021810875,0.0007498030703985137
2016-07-29,-0.01,0.03,0.15,0.006164497007566494,0.04129990597611277,-0.09274773696830241,0.03544748740678627
2016-08-31,-0.39,0.13,0.25,-0.0013230019485522826,-0.0014995074906710704,0.025779683863178526,-0.0014003038049360539
2016-09-30,0.36,0.35,-0.33,-0.0007496004791062161,0.0034062900506102167,0.04653762278631102,-0.0013952332705300385
